Task,Paradigm,FeatureFilter,Model,TimeTaken,Length,ba,recall,auc,best_params,feature_imp
1,3,2,1,15317.87,1473.0,0.708,0.667,"[0.736, 0.553, 0.888]","{'best_params': {'C': 0.01, 'class_weight': 'balanced', 'max_iter': 500, 'penalty': 'l2', 'solver': 'lbfgs'}}","{'HPosY': 1.8777154070992184, 'LRotZ': 1.5129173261727402, 'RPosY': 1.3421666703320114, 'RRotY': 1.3128805577368765, 'HRotZ': 1.2379509623204341, 'HRotY': 1.148551499454184}"
1,3,2,2,15115.47,1473.0,0.7,0.6,"[0.785, 0.609, 0.931]","{'best_params': {'class_weight': 'balanced', 'max_depth': None, 'max_features': 'log2', 'min_samples_leaf': 2, 'min_samples_split': 2, 'n_estimators': 300}}","{'HPosY': 0.27170544441960237, 'LRotZ': 0.06025137112571815, 'HRotZ': 0.05858549733948696, 'RRotY': 0.057958414901629444, 'HRotY': 0.053835142344836356, 'HPosX': 0.04533522795250021}"
1,1,2,4,2168.68,,0.75,0.9,"[0.788, 0.652, 0.911]","{'best_params': {'batch_size': 32, 'conv_channels': [64, 128, 256], 'dropout_fc': 0.2, 'finetune_epochs': 15, 'kernel_sizes': [5, 5, 5], 'learning_rate': 0.0002, 'warmup_epochs': 5, 'weight_decay': 0.0005}}","{'RRotY': 0.055739336, 'LPosZ': 0.055624325, 'HRotZ': 0.054514926, 'HPosY': 0.054481328, 'RRotZ': 0.05444914, 'RRotX': 0.05410877}"
1,1,2,5,26165.61,,0.788,0.875,"[0.803, 0.687, 0.909]","{'best_params': {'batch_size': 32, 'bidirectional': True, 'dropout_fc': 0.3, 'dropout_rnn': 0.2, 'epochs': 30, 'hidden_size': 64, 'lr': 0.001, 'num_layers': 2, 'pooling': 'mean', 'rnn_type': 'lstm'}}","{'RPosX': 0.058758784, 'HPosY': 0.057707235, 'HPosX': 0.05748329, 'RRotY': 0.056071885, 'RRotZ': 0.055948943, 'HRotX': 0.055936348}"
1,2,2,4,1275.52,,0.745,0.84,"[0.809, 0.679, 0.913]","{'best_params': {'batch_size': 32, 'conv_channels': [64, 128, 128], 'dropout_fc': 0.4, 'finetune_epochs': 15, 'kernel_sizes': [7, 5, 3], 'learning_rate': 0.0002, 'warmup_epochs': 5, 'weight_decay': 0.0005}}","{'RRotX': 0.045874093, 'LPosX': 0.04557389, 'HRotZ': 0.04524186, 'HPosZ': 0.04516063, 'LRotZ': 0.044866122, 'LRotY': 0.044835623}"
1,2,2,5,14479.76,,0.79,0.88,"[0.84, 0.698, 0.955]","{'best_params': {'batch_size': 32, 'bidirectional': True, 'dropout_fc': 0.3, 'dropout_rnn': 0.2, 'epochs': 30, 'hidden_size': 64, 'lr': 0.001, 'num_layers': 2, 'pooling': 'max', 'rnn_type': 'lstm'}}","{'RPosX': 0.057423517, 'RRotY': 0.05737128, 'LPosY': 0.05707555, 'LPosX': 0.056967366, 'LRotY': 0.056599826, 'HPosX': 0.05636747}"
1,3,2,4,815.34,,0.733,0.667,"[0.735, 0.549, 0.895]","{'best_params': {'batch_size': 32, 'conv_channels': [64, 128, 128], 'dropout_fc': 0.4, 'finetune_epochs': 15, 'kernel_sizes': [5, 5, 5], 'learning_rate': 0.0002, 'warmup_epochs': 5, 'weight_decay': 0.0005}}","{'LPosY': 0.05530752, 'HRotY': 0.05432566, 'HRotX': 0.054252334, 'HPosZ': 0.054238427, 'LRotY': 0.05402588, 'HPosY': 0.053948373}"
1,3,2,5,9828.2,,0.683,0.667,"[0.698, 0.51, 0.872]","{'best_params': {'batch_size': 32, 'bidirectional': True, 'dropout_fc': 0.3, 'dropout_rnn': 0.2, 'epochs': 30, 'hidden_size': 64, 'lr': 0.001, 'num_layers': 2, 'pooling': 'mean', 'rnn_type': 'gru'}}","{'RPosY': 0.05774092, 'HPosY': 0.05728356, 'HRotX': 0.057270188, 'LRotZ': 0.0572216, 'RRotX': 0.057097286, 'HPosZ': 0.056833394}"
1,4,2,4,1387.65,,0.587,0.84,"[0.487, 0.275, 0.696]","{'best_params': {'batch_size': 32, 'conv_channels': [64, 128, 256], 'dropout_fc': 0.4, 'finetune_epochs': 15, 'kernel_sizes': [7, 5, 3], 'learning_rate': 0.0002, 'warmup_epochs': 5, 'weight_decay': 0.0005}}","{'LPosX': 0.04712504, 'RPosX': 0.04644957, 'LPosZ': 0.04576953, 'HPosX': 0.045747034, 'HPosY': 0.04518617, 'RPosY': 0.0451442}"
1,4,2,5,20667.82,,0.6,0.8,"[0.508, 0.297, 0.715]","{'best_params': {'batch_size': 32, 'bidirectional': True, 'dropout_fc': 0.3, 'dropout_rnn': 0.2, 'epochs': 30, 'hidden_size': 64, 'lr': 0.001, 'num_layers': 2, 'pooling': 'max', 'rnn_type': 'lstm'}}","{'LRotY': 0.058541134, 'RRotZ': 0.058133774, 'HPosX': 0.057445087, 'HRotY': 0.057384018, 'LPosZ': 0.057151213, 'RPosZ': 0.056837104}"
1,3,2,3,9774.09,,0.833,0.667,"[np.float64(0.848), np.float64(0.713), np.float64(0.961)]","{'best_params': {'covariance_type': 'diag', 'n_components': 4, 'n_iter': 50}}","{'HPosY': np.float64(0.21666666666666656), 'HRotX': np.float64(0.16666666666666652), 'RPosY': np.float64(0.15833333333333321), 'HPosX': np.float64(0.15833333333333321), 'LRotX': np.float64(0.1499999999999999), 'LPosX': np.float64(0.1333333333333333)}"
1,4,2,1,21412.92,1839.0,0.66,0.72,"[np.float64(0.677), np.float64(0.479), np.float64(0.861)]","{'best_params': {'C': 0.1, 'class_weight': 'balanced', 'l1_ratio': 0.75, 'max_iter': 500, 'penalty': 'elasticnet', 'solver': 'saga'}}","{'LRotX': 0.2834691024181666, 'HPosY': 0.21534046206534185, 'RRotX': 0.052168953538057394, 'HRotX': 0.028735047057580232, 'RRotY': 0.01044159430603031, 'RPosX': 0.0020236815422549626}"
1,1,2,3,28745.1,,0.775,0.85,"[np.float64(0.799), np.float64(0.684), np.float64(0.911)]","{'best_params': {'covariance_type': 'diag', 'n_components': 5, 'n_iter': 50}}","{'LPosY': np.float64(0.17499999999999993), 'HPosZ': np.float64(0.16249999999999987), 'HPosY': np.float64(0.16249999999999987), 'RPosY': np.float64(0.12499999999999989), 'LPosX': np.float64(0.09999999999999987), 'RRotZ': np.float64(0.09999999999999987)}"
1,2,2,1,19279.18,1473.0,0.655,0.56,"[np.float64(0.769), np.float64(0.609), np.float64(0.903)]","{'best_params': {'C': 10, 'class_weight': 'balanced', 'max_iter': 500, 'penalty': 'l1', 'solver': 'saga'}}","{'HPosY': 1.7693578865326955, 'HPosX': 1.560537911467776, 'RRotY': 1.3656739824043882, 'HRotZ': 1.2650743217293439, 'LRotZ': 1.2105228114805975, 'LPosZ': 1.202057660971846}"
1,1,2,1,4375.89,1473.0,0.738,0.825,"[np.float64(0.761), np.float64(0.615), np.float64(0.889)]","{'best_params': {'C': 0.1, 'class_weight': 'balanced', 'max_iter': 1000, 'penalty': 'l1', 'solver': 'saga'}}","{'HPosY': 0.44836835430174915, 'LRotZ': 0.27539182601060475, 'RRotZ': 0.03587584267370403, 'HRotZ': 0.010238571863737889, 'LPosZ': 0.008471556560976978, 'RRotY': 0.00587768349214457}"
1,1,2,2,10344.49,1473.0,0.762,0.975,"[np.float64(0.797), np.float64(0.653), np.float64(0.915)]","{'best_params': {'class_weight': 'balanced', 'max_depth': None, 'max_features': 'log2', 'min_samples_leaf': 4, 'min_samples_split': 2, 'n_estimators': 100}}","{'HPosY': 0.20207760976185032, 'LPosY': 0.07960509638658786, 'LPosX': 0.07155080338103507, 'LRotZ': 0.06968080444730643, 'RPosY': 0.06759398187468767, 'HRotZ': 0.05728083500585201}"
1,2,2,2,5268.23,1473.0,0.69,0.88,"[np.float64(0.78), np.float64(0.625), np.float64(0.91)]","{'best_params': {'class_weight': 'balanced', 'max_depth': None, 'max_features': 'log2', 'min_samples_leaf': 1, 'min_samples_split': 2, 'n_estimators': 100}}","{'HPosY': 0.12393971112890938, 'LPosY': 0.11759138916171057, 'LPosX': 0.08052159942836687, 'RPosY': 0.06923508042759925, 'LRotZ': 0.06514713217779938, 'LRotX': 0.06457824172680007}"
1,2,2,3,5175.45,,0.79,0.88,"[np.float64(0.788), np.float64(0.649), np.float64(0.905)]","{'best_params': {'covariance_type': 'diag', 'n_components': 4, 'n_iter': 50}}","{'LPosY': np.float64(0.21999999999999997), 'LPosX': np.float64(0.14500000000000002), 'RRotY': np.float64(0.14), 'HRotX': np.float64(0.135), 'LRotZ': np.float64(0.125), 'LRotY': np.float64(0.09499999999999997)}"
1,4,2,2,6999.7,1839.0,0.553,0.84,"[np.float64(0.568), np.float64(0.378), np.float64(0.75)]","{'best_params': {'class_weight': 'balanced', 'max_depth': None, 'max_features': 0.8, 'min_samples_leaf': 1, 'min_samples_split': 2, 'n_estimators': 300}}","{'HPosY': 0.17818591355936964, 'LRotZ': 0.15502945841344487, 'RRotX': 0.10969657999591118, 'RRotY': 0.07877452791110183, 'RPosX': 0.07394341489160973, 'LRotX': 0.06254060666404135}"
1,4,2,3,4315.11,,0.567,0.8,"[np.float64(0.561), np.float64(0.419), np.float64(0.713)]","{'best_params': {'covariance_type': 'diag', 'n_components': 4, 'n_iter': 50}}","{'RPosX': np.float64(0.16666666666666663), 'RPosY': np.float64(0.16000000000000003), 'RRotZ': np.float64(0.1466666666666666), 'HPosX': np.float64(0.1266666666666666), 'HPosY': np.float64(0.1266666666666666), 'LPosZ': np.float64(0.08666666666666667)}"
2,3,2,3,849.37,,0.7,0.8,"[np.float64(0.68), np.float64(0.503), np.float64(0.825)]","{'best_params': {'covariance_type': 'diag', 'n_components': 2, 'n_iter': 100}}","{'HPosY': np.float64(0.19166666666666665), 'RPosX': np.float64(0.125), 'HPosZ': np.float64(0.1166666666666667), 'RPosY': np.float64(0.1166666666666667), 'LPosZ': np.float64(0.10833333333333328), 'RRotX': np.float64(0.09166666666666656)}"
2,4,2,3,1230.19,,0.48,0.56,"[np.float64(0.461), np.float64(0.299), np.float64(0.621)]","{'best_params': {'covariance_type': 'diag', 'n_components': 3, 'n_iter': 50}}","{'RPosX': np.float64(0.14000000000000007), 'LPosX': np.float64(0.13333333333333336), 'LPosZ': np.float64(0.10000000000000003), 'LRotY': np.float64(0.08000000000000002), 'LRotX': np.float64(0.08000000000000002), 'RRotZ': np.float64(0.06666666666666671)}"
2,1,2,3,3813.99,,0.712,0.875,"[np.float64(0.711), np.float64(0.595), np.float64(0.833)]","{'best_params': {'covariance_type': 'diag', 'n_components': 3, 'n_iter': 50}}","{'HPosX': np.float64(0.13750000000000007), 'RPosY': np.float64(0.125), 'LPosZ': np.float64(0.09999999999999998), 'RRotZ': np.float64(0.09999999999999998), 'HPosZ': np.float64(0.07500000000000007), 'LRotZ': np.float64(0.07500000000000007)}"
2,2,2,3,2177.2,,0.635,0.72,"[np.float64(0.633), np.float64(0.495), np.float64(0.776)]","{'best_params': {'covariance_type': 'diag', 'n_components': 5, 'n_iter': 50}}","{'LPosX': np.float64(0.08000000000000007), 'HPosY': np.float64(0.07499999999999996), 'RPosY': np.float64(0.050000000000000044), 'LPosY': np.float64(0.04499999999999993), 'LRotZ': np.float64(0.020000000000000018), 'HRotX': np.float64(0.015000000000000013)}"
2,1,2,4,1923.07,,0.812,0.925,"[0.875, 0.764, 0.956]","{'best_params': {'batch_size': 32, 'conv_channels': [64, 128, 128], 'dropout_fc': 0.2, 'finetune_epochs': 15, 'kernel_sizes': [5, 5, 5], 'learning_rate': 0.001, 'warmup_epochs': 5, 'weight_decay': 0.0005}}","{'HRotY': 0.055268556, 'LRotX': 0.054135628, 'LPosY': 0.054089975, 'HRotZ': 0.053568847, 'RRotZ': 0.05346054, 'RPosZ': 0.05307173}"
2,1,2,5,20180.75,,0.762,0.925,"[0.803, 0.673, 0.922]","{'best_params': {'batch_size': 32, 'bidirectional': True, 'dropout_fc': 0.3, 'dropout_rnn': 0.2, 'epochs': 30, 'hidden_size': 64, 'lr': 0.001, 'num_layers': 1, 'pooling': 'max', 'rnn_type': 'gru'}}","{'RPosX': 0.056999538, 'LPosY': 0.056940213, 'HPosY': 0.056799095, 'LPosZ': 0.056756698, 'LRotZ': 0.056442957, 'HPosZ': 0.056288168}"
2,2,2,4,1108.17,,0.79,0.88,"[0.834, 0.702, 0.939]","{'best_params': {'batch_size': 32, 'conv_channels': [64, 128, 256], 'dropout_fc': 0.2, 'finetune_epochs': 15, 'kernel_sizes': [7, 5, 3], 'learning_rate': 0.001, 'warmup_epochs': 5, 'weight_decay': 0.0005}}","{'RPosZ': 0.04707918, 'RRotY': 0.046400614, 'HRotY': 0.04586064, 'LPosZ': 0.044943962, 'RPosY': 0.04490417, 'RRotZ': 0.04486726}"
2,2,2,5,11761.47,,0.77,0.84,"[0.833, 0.708, 0.936]","{'best_params': {'batch_size': 32, 'bidirectional': True, 'dropout_fc': 0.3, 'dropout_rnn': 0.2, 'epochs': 30, 'hidden_size': 64, 'lr': 0.001, 'num_layers': 2, 'pooling': 'max', 'rnn_type': 'lstm'}}","{'RPosY': 0.05850077, 'LPosY': 0.05786994, 'HRotY': 0.056960173, 'LRotX': 0.056818906, 'HPosY': 0.056416553, 'LRotY': 0.056379054}"
2,3,2,4,673.6,,0.75,0.8,"[0.766, 0.579, 0.923]","{'best_params': {'batch_size': 32, 'conv_channels': [64, 128, 256], 'dropout_fc': 0.2, 'finetune_epochs': 15, 'kernel_sizes': [7, 5, 3], 'learning_rate': 0.001, 'warmup_epochs': 5, 'weight_decay': 0.0005}}","{'LPosX': 0.048297524, 'HPosX': 0.04685869, 'LRotZ': 0.046812266, 'HRotZ': 0.046622194, 'HRotX': 0.045858834, 'RRotY': 0.045808107}"
2,3,2,5,7491.02,,0.717,0.733,"[0.783, 0.592, 0.93]","{'best_params': {'batch_size': 32, 'bidirectional': True, 'dropout_fc': 0.3, 'dropout_rnn': 0.2, 'epochs': 30, 'hidden_size': 64, 'lr': 0.001, 'num_layers': 2, 'pooling': 'max', 'rnn_type': 'lstm'}}","{'LPosX': 0.05789675, 'HRotZ': 0.05788579, 'RPosZ': 0.05752669, 'LRotZ': 0.05745053, 'HRotX': 0.05710156, 'RPosY': 0.05696808}"
2,4,2,4,871.54,,0.38,0.56,"[0.323, 0.171, 0.505]","{'best_params': {'batch_size': 32, 'conv_channels': [64, 128, 128], 'dropout_fc': 0.4, 'finetune_epochs': 15, 'kernel_sizes': [7, 5, 3], 'learning_rate': 0.0002, 'warmup_epochs': 5, 'weight_decay': 0.0005}}","{'HRotX': 0.0461212, 'LPosZ': 0.046007294, 'HRotZ': 0.04593528, 'HPosY': 0.045472372, 'RRotY': 0.045443587, 'RPosZ': 0.045096237}"
2,4,2,5,9306.94,,0.453,0.64,"[0.352, 0.181, 0.538]","{'best_params': {'batch_size': 32, 'bidirectional': True, 'dropout_fc': 0.3, 'dropout_rnn': 0.2, 'epochs': 30, 'hidden_size': 128, 'lr': 0.001, 'num_layers': 1, 'pooling': 'max', 'rnn_type': 'lstm'}}","{'RPosY': 0.058897182, 'LPosY': 0.058339704, 'HPosX': 0.056924563, 'HRotZ': 0.05685344, 'RRotZ': 0.05637541, 'LRotZ': 0.056170624}"
2,1,2,1,3066.15,1301.0,0.788,0.875,"[np.float64(0.755), np.float64(0.599), np.float64(0.899)]","{'best_params': {'C': 0.1, 'class_weight': 'balanced', 'max_iter': 500, 'penalty': 'l2', 'solver': 'lbfgs'}}","{'HPosY': 3.128972364101962, 'HRotX': 3.0181802281694328, 'HRotY': 2.948364089802266, 'HRotZ': 2.5142563534552247, 'LRotZ': 2.499996299306629, 'RRotZ': 2.3309961435761517}"
2,1,2,2,9621.7,1301.0,0.762,0.975,"[np.float64(0.816), np.float64(0.677), np.float64(0.932)]","{'best_params': {'class_weight': 'balanced', 'max_depth': None, 'max_features': 'log2', 'min_samples_leaf': 4, 'min_samples_split': 2, 'n_estimators': 100}}","{'LPosX': 0.18790505275846492, 'HPosY': 0.17617111076935857, 'HRotX': 0.1169838421872839, 'LPosZ': 0.06377613682565943, 'HRotZ': 0.05436361233392053, 'LRotZ': 0.05315710472908984}"
2,2,2,1,2383.5,1333.0,0.74,0.88,"[np.float64(0.738), np.float64(0.582), np.float64(0.892)]","{'best_params': {'C': 0.1, 'class_weight': 'balanced', 'max_iter': 500, 'penalty': 'l1', 'solver': 'saga'}}","{'HPosY': 0.24268929521736027, 'HRotZ': 0.009314382448792458, 'RRotY': 0.002218240159436391, 'HPosX': 0.0, 'HPosZ': 0.0, 'HRotX': 0.0}"
2,2,2,2,6496.44,1333.0,0.77,0.84,"[np.float64(0.789), np.float64(0.633), np.float64(0.926)]","{'best_params': {'class_weight': 'balanced', 'max_depth': None, 'max_features': 0.8, 'min_samples_leaf': 4, 'min_samples_split': 2, 'n_estimators': 300}}","{'HRotX': 0.39751906746278437, 'HPosY': 0.1051457631306677, 'HRotZ': 0.1002010774261569, 'RRotY': 0.08333707966762327, 'LPosZ': 0.06482364612385307, 'RRotZ': 0.041198394435032426}"
2,3,2,1,1309.33,1301.0,0.725,0.8,"[np.float64(0.775), np.float64(0.601), np.float64(0.928)]","{'best_params': {'C': 0.1, 'class_weight': 'balanced', 'l1_ratio': 0.5, 'max_iter': 500, 'penalty': 'elasticnet', 'solver': 'saga'}}","{'HPosY': 0.5458782241291829, 'LRotZ': 0.3781596577173332, 'LPosY': 0.14343906825888553, 'HRotX': 0.11098783102352172, 'RPosX': 0.04752678734774918, 'HRotY': 0.011329654305882286}"
2,3,2,2,2438.77,1301.0,0.817,0.733,"[np.float64(0.809), np.float64(0.637), np.float64(0.942)]","{'best_params': {'class_weight': 'balanced', 'max_depth': None, 'max_features': 'sqrt', 'min_samples_leaf': 4, 'min_samples_split': 2, 'n_estimators': 300}}","{'HPosY': 0.31766320621695326, 'HRotX': 0.17680886198736653, 'LPosX': 0.1369016810653649, 'LRotZ': 0.055190884255134735, 'RPosX': 0.053643137163786055, 'LPosY': 0.03979052472320139}"
2,4,2,1,1145.24,1301.0,0.62,0.64,"[np.float64(0.555), np.float64(0.346), np.float64(0.765)]","{'best_params': {'C': 0.01, 'class_weight': 'balanced', 'max_iter': 1000, 'penalty': 'l1', 'solver': 'saga'}}","{'HPosX': 0.0, 'HPosY': 0.0, 'HPosZ': 0.0, 'HRotX': 0.0, 'HRotY': 0.0, 'HRotZ': 0.0}"
2,4,2,2,3622.11,1301.0,0.453,0.84,"[np.float64(0.288), np.float64(0.124), np.float64(0.472)]","{'best_params': {'class_weight': 'balanced', 'max_depth': None, 'max_features': 'log2', 'min_samples_leaf': 1, 'min_samples_split': 2, 'n_estimators': 300}}","{'RPosY': 0.0789991473924417, 'HRotY': 0.07714113498175859, 'RRotY': 0.07659671398686749, 'HPosY': 0.07423735805930229, 'LPosY': 0.07289986098134538, 'RPosX': 0.06530280805204097}"
3,3,2,1,15001.57,1576.0,0.708,0.667,"[0.702, 0.5, 0.868]","{'best_params': {'C': 0.01, 'class_weight': 'balanced', 'max_iter': 500, 'penalty': 'l2', 'solver': 'lbfgs'}}","{'HPosY': 1.5683116807106923, 'RRotY': 1.4429769953228357, 'HRotY': 1.3341705446941556, 'LRotZ': 1.288506912831436, 'LPosZ': 1.2785484113156187, 'HPosZ': 1.2539076132877982}"
3,3,2,2,16632.96,1576.0,0.608,0.467,"[0.647, 0.451, 0.824]","{'best_params': {'class_weight': 'balanced', 'max_depth': None, 'max_features': 'sqrt', 'min_samples_leaf': 4, 'min_samples_split': 2, 'n_estimators': 300}}","{'HPosY': 0.31383214903016954, 'LPosZ': 0.13089262385217015, 'HRotX': 0.0689276165459633, 'HRotY': 0.05037113737938163, 'RRotY': 0.046006262180652784, 'LRotY': 0.04395930253764316}"
3,3,2,3,12150.25,,0.725,0.8,"[0.755, 0.61, 0.886]","{'best_params': {'covariance_type': 'diag', 'n_components': 2, 'n_iter': 50}}","{'RPosZ': 0.10000000000000009, 'HPosY': 0.10000000000000009, 'HPosX': 0.07500000000000018, 'RRotX': 0.07500000000000018, 'RPosX': 0.07500000000000018, 'HPosZ': 0.05833333333333346}"
3,4,2,1,19696.35,2292.0,0.687,0.84,"[0.52, 0.285, 0.759]","{'best_params': {'C': 0.1, 'class_weight': 'balanced', 'max_iter': 1000, 'penalty': 'l1', 'solver': 'saga'}}","{'RRotY': 0.0951999296885333, 'LPosX': 0.02800311662349486, 'LPosZ': 0.0010136616456293268, 'HPosX': 0.0, 'HPosY': 0.0, 'HPosZ': 0.0}"
3,1,2,3,22018.34,,0.762,0.875,"[0.789, 0.661, 0.905]","{'best_params': {'covariance_type': 'diag', 'n_components': 2, 'n_iter': 50}}","{'HPosX': 0.1875, 'HPosY': 0.16249999999999998, 'LPosZ': 0.16249999999999998, 'RRotX': 0.16249999999999998, 'RPosZ': 0.1499999999999999, 'RPosY': 0.1499999999999999}"
3,2,2,1,16130.25,1576.0,0.725,0.8,"[0.769, 0.63, 0.897]","{'best_params': {'C': 0.01, 'class_weight': 'balanced', 'max_iter': 500, 'penalty': 'l2', 'solver': 'lbfgs'}}","{'HPosY': 1.9117419415701142, 'HRotZ': 1.7734481402887734, 'RRotY': 1.3370711843308796, 'LPosY': 1.2869804295060483, 'LRotY': 1.277921214596984, 'LPosX': 1.2769739590629754}"
3,2,2,2,35714.61,1576.0,0.745,0.84,"[0.76, 0.599, 0.909]","{'best_params': {'class_weight': 'balanced', 'max_depth': None, 'max_features': 'sqrt', 'min_samples_leaf': 4, 'min_samples_split': 2, 'n_estimators': 100}}","{'HPosY': 0.2872472584155585, 'HRotX': 0.08250567913512749, 'LPosZ': 0.07357349753927879, 'RRotX': 0.06007030805663801, 'LPosY': 0.05350841835396661, 'LRotZ': 0.04857905962746984}"
3,2,2,3,5714.05,,0.73,0.96,"[0.738, 0.622, 0.858]","{'best_params': {'covariance_type': 'diag', 'n_components': 2, 'n_iter': 50}}","{'LPosZ': 0.12, 'HPosX': 0.12, 'RPosY': 0.11499999999999999, 'RPosX': 0.10999999999999999, 'RRotX': 0.09499999999999997, 'HPosY': 0.08499999999999996}"
3,4,2,2,38467.68,2292.0,0.553,0.84,"[0.42, 0.229, 0.624]","{'best_params': {'class_weight': 'balanced', 'max_depth': None, 'max_features': 0.8, 'min_samples_leaf': 4, 'min_samples_split': 2, 'n_estimators': 100}}","{'LPosX': 0.25312326857455913, 'RRotY': 0.22682272075360124, 'RRotZ': 0.09894787748756899, 'RRotX': 0.07018180542909587, 'HRotY': 0.04318113539031678, 'HRotZ': 0.03979119877499028}"
3,4,2,3,9498.7,,0.64,0.88,"[0.634, 0.5, 0.785]","{'best_params': {'covariance_type': 'diag', 'n_components': 4, 'n_iter': 50}}","{'HRotX': 0.22666666666666668, 'LRotZ': 0.19333333333333336, 'RRotZ': 0.15333333333333332, 'RRotY': 0.1333333333333333, 'LPosX': 0.1266666666666667, 'HRotZ': 0.12}"
3,1,2,1,34950.65,1576.0,0.762,0.825,"[0.728, 0.548, 0.888]","{'best_params': {'C': 0.1, 'class_weight': 'balanced', 'max_iter': 500, 'penalty': 'l1', 'solver': 'saga'}}","{'HPosY': 0.4272243710681778, 'LRotZ': 0.15345812238990675, 'LRotX': 0.08304681682784576, 'LRotY': 0.0559722129983129, 'HRotZ': 0.04219069331884384, 'LPosZ': 0.004417392033701617}"
3,1,2,2,54476.32,1576.0,0.738,0.975,"[0.764, 0.61, 0.896]","{'best_params': {'class_weight': 'balanced', 'max_depth': None, 'max_features': 'sqrt', 'min_samples_leaf': 2, 'min_samples_split': 2, 'n_estimators': 300}}","{'HPosY': 0.33187676928687143, 'LPosZ': 0.08155696161518906, 'LRotZ': 0.06509014876413817, 'HRotX': 0.06422236807651986, 'HRotZ': 0.06225464029391025, 'RRotZ': 0.041188557754429034}"
3,1,2,4,2390.72,,0.738,0.875,"[0.743, 0.583, 0.884]","{'best_params': {'batch_size': 32, 'conv_channels': [64, 128, 128], 'dropout_fc': 0.2, 'finetune_epochs': 15, 'kernel_sizes': [5, 5, 5], 'learning_rate': 0.0002, 'warmup_epochs': 5, 'weight_decay': 0.0005}}","{'RPosY': 0.057236057, 'HRotZ': 0.0559152, 'LPosX': 0.05554598, 'LRotY': 0.05504454, 'RRotX': 0.05432124, 'RPosZ': 0.053955823}"
3,1,2,5,32794.6,,0.788,0.925,"[0.721, 0.546, 0.888]","{'best_params': {'batch_size': 32, 'bidirectional': True, 'dropout_fc': 0.3, 'dropout_rnn': 0.2, 'epochs': 30, 'hidden_size': 64, 'lr': 0.001, 'num_layers': 1, 'pooling': 'mean', 'rnn_type': 'lstm'}}","{'HPosZ': 0.0592169, 'LRotZ': 0.058837734, 'LPosZ': 0.056756616, 'HRotX': 0.05669758, 'HRotZ': 0.056310575, 'LRotX': 0.055735625}"
3,2,2,4,1422.71,,0.765,0.88,"[0.739, 0.563, 0.895]","{'best_params': {'batch_size': 32, 'conv_channels': [64, 128, 256], 'dropout_fc': 0.2, 'finetune_epochs': 15, 'kernel_sizes': [7, 5, 3], 'learning_rate': 0.001, 'warmup_epochs': 5, 'weight_decay': 0.0005}}","{'HPosY': 0.049185086, 'RRotX': 0.0463515, 'RPosY': 0.04632273, 'LPosZ': 0.045401018, 'HPosX': 0.045153897, 'LPosY': 0.045080066}"
3,2,2,5,15723.61,,0.71,0.72,"[0.785, 0.64, 0.913]","{'best_params': {'batch_size': 32, 'bidirectional': True, 'dropout_fc': 0.3, 'dropout_rnn': 0.2, 'epochs': 30, 'hidden_size': 64, 'lr': 0.001, 'num_layers': 2, 'pooling': 'max', 'rnn_type': 'gru'}}","{'HPosZ': 0.06010275, 'RRotZ': 0.057023484, 'LPosZ': 0.056948785, 'HRotY': 0.056878895, 'HPosY': 0.056437965, 'LPosY': 0.056377452}"
3,3,2,4,805.46,,0.633,0.667,"[0.622, 0.413, 0.8]","{'best_params': {'batch_size': 32, 'conv_channels': [64, 128, 128], 'dropout_fc': 0.4, 'finetune_epochs': 15, 'kernel_sizes': [7, 5, 3], 'learning_rate': 0.0002, 'warmup_epochs': 5, 'weight_decay': 0.0005}}","{'HRotX': 0.046795998, 'HPosX': 0.046512134, 'RPosZ': 0.04561601, 'LPosZ': 0.04548297, 'RRotY': 0.04546806, 'HRotY': 0.045214627}"
3,3,2,5,10894.39,,0.65,0.6,"[0.615, 0.417, 0.804]","{'best_params': {'batch_size': 32, 'bidirectional': True, 'dropout_fc': 0.3, 'dropout_rnn': 0.2, 'epochs': 30, 'hidden_size': 128, 'lr': 0.001, 'num_layers': 2, 'pooling': 'max', 'rnn_type': 'lstm'}}","{'HPosY': 0.05884791, 'LRotZ': 0.057419434, 'RRotZ': 0.056816306, 'LPosZ': 0.0567968, 'HPosX': 0.05644717, 'LPosY': 0.056176893}"
3,4,2,4,1532.31,,0.58,0.76,"[0.453, 0.261, 0.653]","{'best_params': {'batch_size': 32, 'conv_channels': [64, 128, 256], 'dropout_fc': 0.2, 'finetune_epochs': 15, 'kernel_sizes': [7, 5, 3], 'learning_rate': 0.0002, 'warmup_epochs': 5, 'weight_decay': 0.0005}}","{'HRotX': 0.046551738, 'HRotZ': 0.04597056, 'RPosZ': 0.045613397, 'RPosY': 0.045518965, 'LRotZ': 0.045301694, 'RRotX': 0.04507529}"
3,4,2,5,25622.37,,0.56,0.72,"[0.468, 0.253, 0.678]","{'best_params': {'batch_size': 32, 'bidirectional': True, 'dropout_fc': 0.3, 'dropout_rnn': 0.2, 'epochs': 30, 'hidden_size': 64, 'lr': 0.001, 'num_layers': 2, 'pooling': 'mean', 'rnn_type': 'lstm'}}","{'HPosZ': 0.05855195, 'LPosX': 0.057955336, 'RRotY': 0.05780171, 'RPosZ': 0.057079528, 'LPosY': 0.05678386, 'LRotX': 0.056612138}"
4,3,2,3,9566.39,,0.7,0.6,"[0.717, 0.559, 0.871]","{'best_params': {'covariance_type': 'diag', 'n_components': 2, 'n_iter': 50}}","{'HPosY': 0.1499999999999999, 'LPosZ': 0.1333333333333333, 'RPosY': 0.05833333333333335, 'HRotY': 0.050000000000000044, 'RRotZ': 0.04166666666666663, 'RPosZ': 0.04166666666666663}"
4,4,2,1,12528.68,1157.0,0.767,0.6,"[0.799, 0.633, 0.935]","{'best_params': {'C': 0.1, 'class_weight': 'balanced', 'max_iter': 500, 'penalty': 'l1', 'solver': 'saga'}}","{'LRotY': 0.3445433863216749, 'HPosX': 0.0, 'HPosY': 0.0, 'HPosZ': 0.0, 'HRotX': 0.0, 'HRotY': 0.0}"
4,4,2,2,20561.3,1157.0,0.767,0.8,"[0.789, 0.632, 0.927]","{'best_params': {'class_weight': 'balanced', 'max_depth': None, 'max_features': 0.8, 'min_samples_leaf': 1, 'min_samples_split': 2, 'n_estimators': 100}}","{'LRotY': 0.608174284598896, 'HRotX': 0.06964571547022719, 'RRotZ': 0.055315289971842985, 'RRotY': 0.04252362354104276, 'HRotY': 0.04063764819959475, 'HRotZ': 0.039171845243213134}"
4,4,2,3,3220.65,,0.673,0.68,"[0.654, 0.48, 0.818]","{'best_params': {'covariance_type': 'diag', 'n_components': 2, 'n_iter': 50}}","{'LPosZ': 0.22000000000000003, 'RPosX': 0.1266666666666667, 'RPosZ': 0.11333333333333329, 'LPosX': 0.09333333333333327, 'RRotY': 0.09333333333333327, 'LRotX': 0.06000000000000005}"
4,3,2,1,13625.05,1157.0,0.7,0.6,"[0.744, 0.56, 0.901]","{'best_params': {'C': 0.1, 'class_weight': 'balanced', 'max_iter': 500, 'penalty': 'l2', 'solver': 'lbfgs'}}","{'HRotZ': 2.4160092495610566, 'HPosY': 2.0395722438801878, 'HRotY': 1.9622068468830378, 'RRotY': 1.6863354731126672, 'HRotX': 1.6148647272043424, 'LRotY': 1.6003249039793686}"
4,3,2,2,11763.51,1157.0,0.633,0.467,"[0.666, 0.486, 0.842]","{'best_params': {'class_weight': 'balanced', 'max_depth': None, 'max_features': 'sqrt', 'min_samples_leaf': 4, 'min_samples_split': 2, 'n_estimators': 300}}","{'HPosY': 0.16679076449881086, 'LPosZ': 0.1319958089807848, 'HRotZ': 0.10212200494912699, 'LRotY': 0.08971542252514228, 'RRotX': 0.08049669391833522, 'HPosZ': 0.06395968350909857}"
4,2,2,2,29622.82,1336.0,0.79,0.88,"[0.811, 0.659, 0.938]","{'best_params': {'class_weight': 'balanced', 'max_depth': None, 'max_features': 'sqrt', 'min_samples_leaf': 2, 'min_samples_split': 2, 'n_estimators': 300}}","{'HPosY': 0.23198269695118878, 'LRotY': 0.11932315858329533, 'LPosZ': 0.09518803473587686, 'LRotZ': 0.08983593192851232, 'RRotX': 0.06967361013253068, 'HRotY': 0.06832059797093432}"
4,2,2,3,9011.99,,0.76,0.72,"[0.763, 0.63, 0.884]","{'best_params': {'covariance_type': 'diag', 'n_components': 5, 'n_iter': 50}}","{'HPosY': 0.16500000000000004, 'RPosZ': 0.11499999999999999, 'HRotZ': 0.10000000000000009, 'RPosX': 0.09000000000000008, 'RRotZ': 0.07000000000000006, 'LPosZ': 0.05499999999999994}"
4,1,2,3,27168.42,,0.738,0.575,"[0.75, 0.621, 0.857]","{'best_params': {'covariance_type': 'diag', 'n_components': 4, 'n_iter': 50}}","{'HPosY': 0.1625000000000001, 'HRotZ': 0.125, 'HRotY': 0.10000000000000009, 'LPosZ': 0.07500000000000007, 'HRotX': 0.0625, 'RPosX': 0.0625}"
4,2,2,1,13477.79,1336.0,0.765,0.68,"[0.77, 0.615, 0.907]","{'best_params': {'C': 10, 'class_weight': 'balanced', 'max_iter': 500, 'penalty': 'l2', 'solver': 'lbfgs'}}","{'HPosY': 6.199627850954342, 'LPosZ': 3.488316367899231, 'LPosY': 3.2336636127936407, 'HRotY': 3.1646484826558137, 'LRotZ': 3.10323036130395, 'RRotY': 3.088045868345594}"
4,1,2,1,27634.84,1157.0,0.738,0.825,"[0.771, 0.623, 0.898]","{'best_params': {'C': 0.1, 'class_weight': 'balanced', 'max_iter': 500, 'penalty': 'l2', 'solver': 'lbfgs'}}","{'HPosY': 3.7301076982312207, 'HRotZ': 2.5165309956562876, 'RRotY': 2.211558509962133, 'LRotZ': 2.1954550924439653, 'HRotY': 2.11643101914639, 'RPosY': 1.9996696392338986}"
4,1,2,2,41546.82,1157.0,0.675,0.95,"[0.804, 0.655, 0.923]","{'best_params': {'class_weight': 'balanced', 'max_depth': None, 'max_features': 'log2', 'min_samples_leaf': 2, 'min_samples_split': 5, 'n_estimators': 100}}","{'HPosY': 0.16817864911930186, 'LPosZ': 0.11262043523167545, 'RRotX': 0.08252091103817207, 'LRotZ': 0.06580218009275825, 'LPosY': 0.05507782444042199, 'LPosX': 0.04915103219475109}"
4,1,2,4,1629.09,,0.75,0.8,"[0.796, 0.645, 0.924]","{'best_params': {'batch_size': 32, 'conv_channels': [64, 128, 128], 'dropout_fc': 0.4, 'finetune_epochs': 15, 'kernel_sizes': [7, 5, 3], 'learning_rate': 0.001, 'warmup_epochs': 5, 'weight_decay': 0.0005}}","{'HPosY': 0.04725821, 'HPosZ': 0.046816282, 'LPosX': 0.046076693, 'LPosZ': 0.04573102, 'HRotX': 0.045604054, 'HPosX': 0.04520365}"
4,1,2,5,15021.89,,0.812,0.875,"[0.838, 0.698, 0.951]","{'best_params': {'batch_size': 32, 'bidirectional': True, 'dropout_fc': 0.3, 'dropout_rnn': 0.2, 'epochs': 30, 'hidden_size': 64, 'lr': 0.001, 'num_layers': 2, 'pooling': 'mean', 'rnn_type': 'gru'}}","{'HPosY': 0.05795962, 'HPosZ': 0.05791369, 'LPosY': 0.057588335, 'LPosZ': 0.05750054, 'HPosX': 0.056869857, 'LRotZ': 0.056350283}"
4,2,2,4,1140.54,,0.75,0.8,"[0.773, 0.625, 0.905]","{'best_params': {'batch_size': 32, 'conv_channels': [64, 128, 256], 'dropout_fc': 0.4, 'finetune_epochs': 15, 'kernel_sizes': [5, 5, 5], 'learning_rate': 0.001, 'warmup_epochs': 5, 'weight_decay': 0.0005}}","{'LPosX': 0.055343676, 'RRotX': 0.05497544, 'RPosZ': 0.05477526, 'HPosZ': 0.054554053, 'HRotY': 0.054272294, 'LPosY': 0.054130305}"
4,2,2,5,11057.6,,0.84,0.88,"[0.825, 0.676, 0.955]","{'best_params': {'batch_size': 32, 'bidirectional': True, 'dropout_fc': 0.3, 'dropout_rnn': 0.2, 'epochs': 30, 'hidden_size': 64, 'lr': 0.001, 'num_layers': 1, 'pooling': 'max', 'rnn_type': 'lstm'}}","{'HPosY': 0.060494486, 'HPosX': 0.05823082, 'RPosY': 0.05795051, 'LRotY': 0.056595355, 'LRotX': 0.056478944, 'RPosZ': 0.055806067}"
4,3,2,4,641.55,,0.742,0.733,"[0.778, 0.602, 0.918]","{'best_params': {'batch_size': 32, 'conv_channels': [64, 128, 128], 'dropout_fc': 0.2, 'finetune_epochs': 15, 'kernel_sizes': [7, 5, 3], 'learning_rate': 0.0002, 'warmup_epochs': 5, 'weight_decay': 0.0005}}","{'HRotZ': 0.0460909, 'LRotZ': 0.046047807, 'HPosX': 0.04576171, 'RRotZ': 0.045619134, 'LPosY': 0.04493005, 'LPosZ': 0.04481506}"
4,3,2,5,6252.77,,0.725,0.6,"[0.744, 0.556, 0.902]","{'best_params': {'batch_size': 32, 'bidirectional': True, 'dropout_fc': 0.3, 'dropout_rnn': 0.2, 'epochs': 30, 'hidden_size': 128, 'lr': 0.001, 'num_layers': 1, 'pooling': 'mean', 'rnn_type': 'lstm'}}","{'HRotX': 0.057712413, 'LRotZ': 0.05768588, 'HPosY': 0.057672884, 'LPosX': 0.057446398, 'RRotX': 0.056998458, 'HPosZ': 0.056398932}"
4,4,2,4,802.77,,0.647,0.76,"[0.597, 0.398, 0.777]","{'best_params': {'batch_size': 32, 'conv_channels': [64, 128, 128], 'dropout_fc': 0.2, 'finetune_epochs': 15, 'kernel_sizes': [7, 5, 3], 'learning_rate': 0.0002, 'warmup_epochs': 5, 'weight_decay': 0.0005}}","{'HRotY': 0.047559958, 'HPosZ': 0.046565626, 'LPosZ': 0.04519561, 'HPosY': 0.04504159, 'RPosX': 0.044637885, 'RRotX': 0.044498827}"
4,4,2,5,7841.61,,0.647,0.76,"[0.593, 0.389, 0.794]","{'best_params': {'batch_size': 32, 'bidirectional': True, 'dropout_fc': 0.3, 'dropout_rnn': 0.2, 'epochs': 30, 'hidden_size': 128, 'lr': 0.001, 'num_layers': 2, 'pooling': 'mean', 'rnn_type': 'lstm'}}","{'HRotZ': 0.058188073, 'HPosZ': 0.057628665, 'LRotY': 0.057145312, 'RRotX': 0.056685798, 'LRotZ': 0.0565301, 'HRotX': 0.055988096}"
5,1,2,3,4888.09,,0.675,0.9,"[np.float64(0.669), np.float64(0.545), np.float64(0.789)]","{'best_params': {'covariance_type': 'diag', 'n_components': 2, 'n_iter': 100}}","{'HPosY': np.float64(0.125), 'LPosX': np.float64(0.08750000000000002), 'HPosX': np.float64(0.08750000000000002), 'HPosZ': np.float64(0.0625), 'RPosY': np.float64(0.050000000000000044), 'LRotX': np.float64(0.050000000000000044)}"
5,2,2,1,5881.33,1145.0,0.755,0.76,"[np.float64(0.834), np.float64(0.702), np.float64(0.944)]","{'best_params': {'C': 0.01, 'class_weight': 'balanced', 'max_iter': 500, 'penalty': 'l2', 'solver': 'lbfgs'}}","{'HPosY': 1.824988525080167, 'HRotY': 1.606694531794589, 'LRotZ': 1.3706401087327085, 'RRotY': 1.3619531856981466, 'HRotZ': 1.2815477374021418, 'RPosZ': 1.253908688547947}"
5,2,2,2,17962.18,1145.0,0.78,0.96,"[np.float64(0.721), np.float64(0.538), np.float64(0.891)]","{'best_params': {'class_weight': 'balanced', 'max_depth': None, 'max_features': 'log2', 'min_samples_leaf': 4, 'min_samples_split': 2, 'n_estimators': 300}}","{'HPosY': 0.19368858259448654, 'LPosX': 0.06516682133088522, 'HRotX': 0.0650113300955654, 'LRotZ': 0.0641631115917605, 'HRotZ': 0.05657061930085657, 'HPosZ': 0.05293119585698497}"
5,2,2,3,2118.69,,0.74,0.88,"[np.float64(0.74), np.float64(0.61), np.float64(0.864)]","{'best_params': {'covariance_type': 'diag', 'n_components': 5, 'n_iter': 50}}","{'HPosY': np.float64(0.26), 'LPosX': np.float64(0.15999999999999992), 'LPosZ': np.float64(0.14500000000000002), 'RPosX': np.float64(0.14), 'LRotY': np.float64(0.135), 'HRotX': np.float64(0.125)}"
5,1,2,1,12721.34,1145.0,0.788,0.775,"[np.float64(0.8), np.float64(0.645), np.float64(0.923)]","{'best_params': {'C': 0.1, 'class_weight': 'balanced', 'max_iter': 1000, 'penalty': 'l1', 'solver': 'saga'}}","{'HPosY': 0.37402571233542403, 'LRotZ': 0.25616208028577603, 'LRotX': 0.13709422373358393, 'HRotY': 0.008689238928127452, 'RRotY': 0.0003979703033110127, 'HRotX': 3.822848157142289e-06}"
5,1,2,2,25368.75,1145.0,0.712,0.975,"[np.float64(0.726), np.float64(0.55), np.float64(0.891)]","{'best_params': {'class_weight': 'balanced', 'max_depth': None, 'max_features': 'log2', 'min_samples_leaf': 2, 'min_samples_split': 5, 'n_estimators': 100}}","{'HPosY': 0.2124962871903213, 'LRotZ': 0.0747031166642418, 'HRotX': 0.06804789248755777, 'HPosZ': 0.06081629692372102, 'LPosZ': 0.05743415962826236, 'LPosX': 0.05143144657767464}"
5,3,2,1,12958.17,1145.0,0.742,0.733,"[0.619, 0.395, 0.839]","{'best_params': {'C': 0.1, 'class_weight': 'balanced', 'max_iter': 1000, 'penalty': 'l1', 'solver': 'saga'}}","{'LRotZ': 0.1382956065426697, 'HPosY': 0.001609296359788459, 'LRotY': 5.6570349443063606e-05, 'HPosX': 0.0, 'HPosZ': 0.0, 'HRotX': 0.0}"
5,3,2,2,12014.97,1145.0,0.675,0.6,"[0.723, 0.542, 0.88]","{'best_params': {'class_weight': 'balanced', 'max_depth': None, 'max_features': 'log2', 'min_samples_leaf': 4, 'min_samples_split': 2, 'n_estimators': 300}}","{'HPosY': 0.1865261880394159, 'HPosZ': 0.11134442656773437, 'LRotZ': 0.09451451223407274, 'RRotX': 0.057456704457019156, 'HRotX': 0.05690925085981603, 'HRotY': 0.054134554248052386}"
5,1,2,4,1642.81,,0.738,0.825,"[0.772, 0.631, 0.905]","{'best_params': {'batch_size': 32, 'conv_channels': [64, 128, 128], 'dropout_fc': 0.2, 'finetune_epochs': 15, 'kernel_sizes': [7, 5, 3], 'learning_rate': 0.001, 'warmup_epochs': 5, 'weight_decay': 0.0005}}","{'LPosY': 0.045853984, 'LPosZ': 0.04567682, 'HPosY': 0.045513656, 'HRotY': 0.045375846, 'HRotX': 0.045352094, 'RPosX': 0.045206238}"
5,1,2,5,18054.68,,0.775,0.95,"[0.79, 0.635, 0.918]","{'best_params': {'batch_size': 32, 'bidirectional': True, 'dropout_fc': 0.3, 'dropout_rnn': 0.2, 'epochs': 30, 'hidden_size': 64, 'lr': 0.001, 'num_layers': 1, 'pooling': 'mean', 'rnn_type': 'lstm'}}","{'RRotY': 0.05959925, 'LRotZ': 0.059030376, 'HPosY': 0.057990044, 'RPosY': 0.057729267, 'RPosZ': 0.05708641, 'HPosZ': 0.05707216}"
5,2,2,4,966.53,,0.835,0.92,"[0.888, 0.779, 0.972]","{'best_params': {'batch_size': 32, 'conv_channels': [64, 128, 128], 'dropout_fc': 0.4, 'finetune_epochs': 15, 'kernel_sizes': [5, 5, 5], 'learning_rate': 0.0002, 'warmup_epochs': 5, 'weight_decay': 0.0005}}","{'HPosY': 0.055824406, 'RPosY': 0.054542918, 'HRotY': 0.05407272, 'LPosY': 0.054019034, 'LRotZ': 0.053373747, 'LPosZ': 0.053151328}"
5,2,2,5,9549.35,,0.78,0.76,"[0.807, 0.648, 0.935]","{'best_params': {'batch_size': 32, 'bidirectional': True, 'dropout_fc': 0.3, 'dropout_rnn': 0.2, 'epochs': 30, 'hidden_size': 64, 'lr': 0.001, 'num_layers': 1, 'pooling': 'mean', 'rnn_type': 'lstm'}}","{'HPosY': 0.05910058, 'LPosZ': 0.05826304, 'LRotZ': 0.057115804, 'RRotZ': 0.056641556, 'LRotX': 0.05639893, 'RPosY': 0.056289785}"
5,3,2,4,588.02,,0.633,0.667,"[0.615, 0.424, 0.799]","{'best_params': {'batch_size': 32, 'conv_channels': [64, 128, 128], 'dropout_fc': 0.4, 'finetune_epochs': 15, 'kernel_sizes': [5, 5, 5], 'learning_rate': 0.0002, 'warmup_epochs': 5, 'weight_decay': 0.0005}}","{'RPosY': 0.055870306, 'LRotY': 0.05453698, 'HPosX': 0.054469008, 'RRotY': 0.053475868, 'LRotX': 0.053405862, 'LRotZ': 0.0533684}"
5,3,2,5,6072.34,,0.617,0.533,"[0.556, 0.375, 0.748]","{'best_params': {'batch_size': 32, 'bidirectional': True, 'dropout_fc': 0.3, 'dropout_rnn': 0.2, 'epochs': 30, 'hidden_size': 64, 'lr': 0.001, 'num_layers': 1, 'pooling': 'max', 'rnn_type': 'lstm'}}","{'HPosY': 0.058055032, 'RPosX': 0.05799594, 'HRotX': 0.057630662, 'LRotZ': 0.05720812, 'HPosX': 0.056324303, 'HRotZ': 0.056230485}"
5,4,2,4,835.38,,0.627,0.72,"[0.601, 0.397, 0.811]","{'best_params': {'batch_size': 32, 'conv_channels': [64, 128, 256], 'dropout_fc': 0.2, 'finetune_epochs': 15, 'kernel_sizes': [7, 5, 3], 'learning_rate': 0.001, 'warmup_epochs': 5, 'weight_decay': 0.0005}}","{'LPosX': 0.047145702, 'HRotX': 0.046967827, 'RPosX': 0.04600373, 'HRotZ': 0.04564369, 'RPosY': 0.045415867, 'LRotY': 0.045384366}"
5,4,2,5,8367.53,,0.58,0.76,"[0.575, 0.365, 0.791]","{'best_params': {'batch_size': 32, 'bidirectional': True, 'dropout_fc': 0.3, 'dropout_rnn': 0.2, 'epochs': 30, 'hidden_size': 128, 'lr': 0.001, 'num_layers': 2, 'pooling': 'mean', 'rnn_type': 'lstm'}}","{'LRotZ': 0.06081091, 'RPosY': 0.05747154, 'HPosY': 0.05688755, 'LPosX': 0.05667122, 'HRotZ': 0.05645632, 'RRotY': 0.05600292}"
5,4,2,3,1574.28,,0.613,0.76,"[np.float64(0.622), np.float64(0.462), np.float64(0.781)]","{'best_params': {'covariance_type': 'diag', 'n_components': 3, 'n_iter': 50}}","{'RRotX': np.float64(0.11333333333333329), 'LRotY': np.float64(0.09333333333333327), 'RRotZ': np.float64(0.05333333333333323), 'RRotY': np.float64(0.046666666666666634), 'HPosY': np.float64(0.026666666666666616), 'LRotX': np.float64(0.020000000000000018)}"
5,3,2,3,1047.24,,0.683,0.667,"[np.float64(0.687), np.float64(0.527), np.float64(0.844)]","{'best_params': {'covariance_type': 'diag', 'n_components': 2, 'n_iter': 50}}","{'HPosY': np.float64(0.1416666666666666), 'HRotX': np.float64(0.06666666666666665), 'LRotZ': np.float64(0.05833333333333335), 'HPosX': np.float64(0.050000000000000044), 'LPosY': np.float64(0.025000000000000022), 'LPosX': np.float64(0.008333333333333304)}"
5,4,2,2,10554.0,1194.0,0.54,0.88,"[np.float64(0.437), np.float64(0.259), np.float64(0.632)]","{'best_params': {'class_weight': 'balanced', 'max_depth': None, 'max_features': 0.8, 'min_samples_leaf': 2, 'min_samples_split': 2, 'n_estimators': 300}}","{'RRotY': 0.2648174739799733, 'LRotY': 0.21100743541075132, 'RRotZ': 0.11423153122649181, 'HRotY': 0.0945254576725046, 'HRotZ': 0.041595970689654885, 'RPosZ': 0.03730574459523225}"
5,4,2,1,381.45,1194.0,0.653,0.64,"[np.float64(0.586), np.float64(0.389), np.float64(0.793)]","{'best_params': {'C': 0.1, 'l1_ratio': 0.75, 'max_iter': 500, 'penalty': 'elasticnet', 'solver': 'saga'}}","{'LRotY': 0.4552268281368015, 'RRotZ': 0.0070373243652284145, 'RRotY': 0.0010414741927888826, 'LPosZ': 0.0005592019770119805, 'HRotX': 0.00042697555227277917, 'RPosX': 2.515421067528223e-05}"
6,1,2,3,2034.35,,0.65,0.7,"[np.float64(0.661), np.float64(0.512), np.float64(0.793)]","{'best_params': {'covariance_type': 'diag', 'n_components': 2, 'n_iter': 50}}","{'HPosY': np.float64(0.1874999999999999), 'HPosX': np.float64(0.11249999999999993), 'HRotY': np.float64(0.07499999999999996), 'LPosZ': np.float64(0.0625), 'HRotX': np.float64(0.06249999999999989), 'RRotX': np.float64(0.06249999999999989)}"
6,2,2,1,2372.93,778.0,0.78,0.76,"[np.float64(0.794), np.float64(0.638), np.float64(0.918)]","{'best_params': {'C': 1, 'class_weight': 'balanced', 'max_iter': 500, 'penalty': 'l2', 'solver': 'lbfgs'}}","{'HPosY': 3.6962588586097014, 'RRotY': 3.295183410551989, 'RPosZ': 3.192619175322671, 'HRotX': 3.1448123573008107, 'RRotZ': 3.102856291811515, 'LPosZ': 2.9398052794644003}"
6,3,2,1,9094.0,778.0,0.667,0.933,"[0.747, 0.569, 0.9]","{'best_params': {'C': 10, 'class_weight': 'balanced', 'max_iter': 500, 'penalty': 'l2', 'solver': 'lbfgs'}}","{'HRotY': 4.877686940296099, 'HRotX': 4.648640872079717, 'RRotZ': 4.092407253219838, 'RPosY': 3.9557207482453913, 'HPosY': 3.76589382093792, 'RPosX': 3.4276587219447943}"
6,3,2,2,8676.02,778.0,0.608,0.467,"[0.662, 0.474, 0.836]","{'best_params': {'class_weight': 'balanced', 'max_depth': None, 'max_features': 'log2', 'min_samples_leaf': 4, 'min_samples_split': 2, 'n_estimators': 100}}","{'HPosY': 0.2038169242603409, 'RRotX': 0.08367572974980886, 'HPosZ': 0.0818059269744755, 'LPosZ': 0.07543567622577582, 'HRotZ': 0.07169665174451402, 'RPosX': 0.06489807120944498}"
6,1,2,1,20841.27,778.0,0.75,0.8,"[0.771, 0.615, 0.905]","{'best_params': {'C': 0.1, 'class_weight': 'balanced', 'max_iter': 1000, 'penalty': 'l1', 'solver': 'saga'}}","{'HPosY': 0.4139253230137001, 'LRotZ': 0.14625827289819426, 'LPosZ': 0.04767293485065238, 'RRotX': 0.0025824533058766974, 'LPosY': 0.00011362850273144431, 'HPosX': 0.0}"
6,1,2,2,36951.66,778.0,0.662,0.975,"[0.692, 0.514, 0.853]","{'best_params': {'class_weight': 'balanced', 'max_depth': None, 'max_features': 'log2', 'min_samples_leaf': 1, 'min_samples_split': 2, 'n_estimators': 300}}","{'HPosY': 0.1883277169715533, 'LPosZ': 0.12159168924564834, 'LRotZ': 0.06021095251023694, 'HRotX': 0.059109639876219575, 'RRotX': 0.05846472891817431, 'HPosZ': 0.0557703750780821}"
6,3,2,3,84130.85,,0.55,0.4,"[0.585, 0.418, 0.752]","{'best_params': {'covariance_type': 'diag', 'n_components': 2, 'n_iter': 50}}","{'HPosY': 0.20000000000000007, 'RRotX': 0.10000000000000009, 'LRotX': 0.06666666666666676, 'RRotZ': 0.05833333333333335, 'LRotZ': 0.050000000000000044, 'HPosX': 0.050000000000000044}"
6,4,2,1,12533.39,877.0,0.633,0.4,"[0.633, 0.439, 0.81]","{'best_params': {'C': 100, 'class_weight': 'balanced', 'max_iter': 500, 'penalty': 'l2', 'solver': 'lbfgs'}}","{'RRotY': 6.7072044166039975, 'RRotX': 5.58777964069392, 'HRotX': 5.300831386353758, 'HRotZ': 5.070920666396789, 'LPosY': 5.002684964730772, 'HRotY': 4.664622362379582}"
6,4,2,2,17152.88,877.0,0.507,0.88,"[0.346, 0.176, 0.535]","{'best_params': {'class_weight': 'balanced', 'max_depth': None, 'max_features': 'sqrt', 'min_samples_leaf': 1, 'min_samples_split': 5, 'n_estimators': 300}}","{'RRotX': 0.13478402702298317, 'LPosY': 0.08882992758720823, 'RRotY': 0.08438438497685663, 'HRotZ': 0.0832784070945692, 'RRotZ': 0.08073101713190041, 'RPosY': 0.06968958899997393}"
6,4,2,3,96459.55,,0.553,0.84,"[0.555, 0.427, 0.708]","{'best_params': {'covariance_type': 'diag', 'n_components': 2, 'n_iter': 50}}","{'HPosY': 0.2733333333333333, 'HPosX': 0.17333333333333334, 'LPosY': 0.1266666666666667, 'RRotX': 0.08666666666666667, 'HPosZ': 0.08000000000000002, 'LRotX': 0.07999999999999996}"
6,2,2,2,19738.25,778.0,0.735,0.92,"[0.716, 0.526, 0.876]","{'best_params': {'class_weight': 'balanced', 'max_depth': None, 'max_features': 'log2', 'min_samples_leaf': 1, 'min_samples_split': 2, 'n_estimators': 300}}","{'HPosY': 0.15944729715743589, 'LPosZ': 0.14089562349252951, 'LPosY': 0.07449212238983732, 'LRotZ': 0.0652150463951321, 'LRotY': 0.05032619570546703, 'RRotX': 0.049823688778244134}"
6,2,2,3,117891.92,,0.755,0.76,"[0.79, 0.651, 0.911]","{'best_params': {'covariance_type': 'diag', 'n_components': 3, 'n_iter': 50}}","{'LRotZ': 0.27, 'LPosZ': 0.20499999999999996, 'RPosX': 0.19999999999999996, 'LRotX': 0.125, 'RRotY': 0.09999999999999998, 'RRotZ': 0.09999999999999998}"
6,1,2,4,1129.91,,0.662,0.825,"[0.685, 0.512, 0.831]","{'best_params': {'batch_size': 32, 'conv_channels': [64, 128, 256], 'dropout_fc': 0.2, 'finetune_epochs': 15, 'kernel_sizes': [7, 5, 3], 'learning_rate': 0.0002, 'warmup_epochs': 5, 'weight_decay': 0.0005}}","{'LPosZ': 0.046796244, 'LPosX': 0.046523165, 'RRotY': 0.045975953, 'RRotX': 0.045955036, 'LPosY': 0.04544408, 'RPosX': 0.04537775}"
6,1,2,5,8769.3,,0.738,0.875,"[0.771, 0.626, 0.898]","{'best_params': {'batch_size': 32, 'bidirectional': True, 'dropout_fc': 0.3, 'dropout_rnn': 0.2, 'epochs': 30, 'hidden_size': 64, 'lr': 0.001, 'num_layers': 2, 'pooling': 'max', 'rnn_type': 'gru'}}","{'HPosY': 0.060858764, 'RRotX': 0.057704244, 'RRotZ': 0.056593675, 'LPosZ': 0.05641037, 'RPosZ': 0.056098577, 'HPosZ': 0.05565426}"
6,2,2,4,636.18,,0.79,0.88,"[0.775, 0.613, 0.913]","{'best_params': {'batch_size': 32, 'conv_channels': [64, 128, 128], 'dropout_fc': 0.4, 'finetune_epochs': 15, 'kernel_sizes': [7, 5, 3], 'learning_rate': 0.0002, 'warmup_epochs': 5, 'weight_decay': 0.0005}}","{'LRotY': 0.046848066, 'HPosY': 0.04624813, 'RPosZ': 0.0462107, 'LPosZ': 0.045496315, 'RRotZ': 0.045372132, 'RPosX': 0.045286596}"
6,2,2,5,5448.13,,0.77,0.84,"[0.735, 0.569, 0.893]","{'best_params': {'batch_size': 32, 'bidirectional': True, 'dropout_fc': 0.3, 'dropout_rnn': 0.2, 'epochs': 30, 'hidden_size': 64, 'lr': 0.001, 'num_layers': 1, 'pooling': 'mean', 'rnn_type': 'gru'}}","{'RRotX': 0.058927998, 'RPosZ': 0.05823819, 'HPosY': 0.057695184, 'LRotZ': 0.057608437, 'HPosZ': 0.056875404, 'LRotX': 0.05649573}"
6,3,2,4,402.83,,0.608,0.467,"[0.692, 0.503, 0.86]","{'best_params': {'batch_size': 32, 'conv_channels': [64, 128, 128], 'dropout_fc': 0.2, 'finetune_epochs': 15, 'kernel_sizes': [7, 5, 3], 'learning_rate': 0.001, 'warmup_epochs': 5, 'weight_decay': 0.0005}}","{'LPosX': 0.047123224, 'HRotZ': 0.04676348, 'HPosZ': 0.045824826, 'RRotZ': 0.04547187, 'HPosY': 0.045411758, 'RPosX': 0.04534841}"
6,3,2,5,3904.29,,0.633,0.667,"[0.619, 0.434, 0.79]","{'best_params': {'batch_size': 32, 'bidirectional': True, 'dropout_fc': 0.3, 'dropout_rnn': 0.2, 'epochs': 30, 'hidden_size': 64, 'lr': 0.001, 'num_layers': 2, 'pooling': 'mean', 'rnn_type': 'lstm'}}","{'HPosY': 0.061434194, 'HRotX': 0.058516283, 'HRotY': 0.057762776, 'LPosY': 0.05662472, 'RRotZ': 0.056356538, 'LPosZ': 0.055923846}"
6,4,2,4,562.94,,0.567,0.8,"[0.471, 0.279, 0.655]","{'best_params': {'batch_size': 32, 'conv_channels': [64, 128, 256], 'dropout_fc': 0.2, 'finetune_epochs': 15, 'kernel_sizes': [7, 5, 3], 'learning_rate': 0.0002, 'warmup_epochs': 5, 'weight_decay': 0.0005}}","{'RRotX': 0.046602316, 'HPosY': 0.046186365, 'RRotZ': 0.045955144, 'RRotY': 0.045593474, 'LPosY': 0.045465253, 'LPosZ': 0.04538304}"
6,4,2,5,5411.2,,0.56,0.72,"[0.518, 0.31, 0.727]","{'best_params': {'batch_size': 32, 'bidirectional': True, 'dropout_fc': 0.3, 'dropout_rnn': 0.2, 'epochs': 30, 'hidden_size': 128, 'lr': 0.001, 'num_layers': 2, 'pooling': 'max', 'rnn_type': 'lstm'}}","{'LPosY': 0.06044138, 'LPosZ': 0.057226535, 'HRotZ': 0.056729384, 'RRotX': 0.056171846, 'HRotY': 0.0556493, 'RPosY': 0.055576503}"